,0
계약금액,335
원,330
낙찰업체,328
계약명,325
주,169
주식회사,119
유,108
부강,99
계약기관,76
개발,74
년,63
등,55
계약,53
대한민국,53
것,53
국민,42
부강건설,42
산업화,39
공사,36
대표,34
부강면,32
저,31
리,27
행복,26
나라,24
수의계약,24
계약방법,24
산업,22
교육,22
의지,21
수,21
국민들,20
모두,20
저력,20
오늘,20
설치공사,19
월,19
노력,19
이룩,18
피,18
차,18
정비공사,18
외,17
방식,16
중심,16
대학,16
용역,16
발주처,15
국민여러분,15
기업,15
부강테크,15
기술,15
호,14
전략,14
대표이사,14
중,14
부강이엔에스,14
초,14
발전,13
위,13
우리나라,13
설립,13
지역,13
시장,12
부강중학교,12
수요기관,12
유통,12
전,12
후보,12
육성,11
세종시,11
입찰명,11
부강전력,11
건설,11
공약,11
교체공사,10
조성공사,10
농촌,10
권역,10
개소,10
제공,9
부강초등학교,9
삼보컴퓨터,9
성공,9
추진,9
권역별,9
세종특별자치시,9
보수공사,9
명,9
충북,9
구축,9
우리,9
부강종합건설,9
조치원,8
공공기관,8
설치,8
충청북,8
연기,8
업체,8
년대,8
연동,8
부강초,8
서비스,8
사업,8
보수,8
일원,8
유한회사,8
모델,8
동,7
지역별,7
농업기술센터,7
대전,7
교,7
주식회사부강건설,7
과학,7
교체,7
전라북,7
조성,7
중국,7
부강설비기공,7
정부,7
건강,7
구체적,7
한편,7
부강권역,7
주차장,7
예정,7
말,6
배수,6
조일행,6
활성화,6
부강역,6
최수영,6
의료산업,6
김영심,6
내,6
시,6
임영자,6
유럽,6
그,6
외부,6
클린에너지추진단,6
성장,6
최초,6
진행,6
학생들,6
김은주,6
통상진흥,6
마을안길,6
내정자,6
김태원,6
억원,6
관광개발추진단,6
박흥식,6
도담초,6
역사,6
전기,6
상업,6
세종,6
김동겸,6
미래,6
조치원교동초,6
일,6
층,6
포용도시,6
김창수,6
창출,6
관광,6
입찰,6
생각,6
지구,6
포상후보,6
급속,6
신념,6
강원,6
고용,6
한국의,6
세계,6
낙찰가격,6
수준,6
이수진,6
안재홍,6
등산회,6
산업단지,6
천,6
지원,6
연양초,6
새누리당,6
창의적,6
연세초,6
화장실,5
아스콘,5
장군권역,5
관리,5
부,5
온빛초,5
부강산업개발,5
부강이엔지,5
며,5
생산,5
농,5
지역개발,5
금남권역,5
행정,5
국,5
합자회사,5
부족,5
그룹,5
제한경쟁,5
민주화,5
환경개선,5
원장,5
특성화,5
조국,5
으,5
회장,5
시설,5
전체,5
윤,5
증축,5
백제고속관광,5
문제,5
해결,5
지하수,5
개인,5
조규,5
때문,5
원앤원산업개발,5
승우산업개발,5
국가,5
근교농업,5
조성사업,5
친환경,5
연서,5
국내,5
데,5
국론,5
실현,5
실물경제,5
근대화,5
영진산업개발,5
지분,5
부강건설산업주식회사,5
제,5
컴퓨터,5
방안,5
대규모,5
도로건설공사,5
전라남,5
대통령,5
낙찰,5
글로벌,5
이후,4
드라마,4
창,4
강원산업,4
특화산업,4
수립,4
공영주차장,4
정신,4
통신공사,4
동안,4
부대,4
소방시설,4
산업체,4
미래산업본부장,4
혜택,4
배수로정비공사,4
첨단물류,4
개선공사,4
나주목문화관,4
이상,4
나,4
새,4
프로그램,4
신화,4
환경산업,4
환경,4
교수,4
등곡,4
농업,4
박시환,4
유치원,4
자료,4
주요공약,4
농로포장공사,4
경제발전,4
동력,4
급식실,4
정주영,4
발주,4
집중,4
세천정비공사,4
박정희,4
학교폭력,4
도장,4
개,4
인성적,4
연계,4
처리용역,4
유치,4
학년,4
학습,4
총무,4
스마트,4
과학벨트,4
리모델링공사,4
산업혁명,4
실시,4
중동,4
성백산업,4
고객,4
점,4
경제,4
보건산업정책국,4
무형,4
임목폐기물,4
철거공사,4
버스,4
기술개발,4
앞,4
총력,4
연동면,4
이사,4
주관,4
여건,4
부강유통,4
전주,4
만,4
이곳,4
형,4
정일호,4
금남,4
하반기,4
상품,4
경제협력개발기구,4
범어동,4
감동적,4
진주,4
전북개발공사,4
시대,4
지난해,4
목재창호,4
운반,4
진출,4
일자리,4
명품가로숲길,4
연계교육과,4
세종특별자치시교육청,4
지붕,4
박,4
대학연계,4
서부개발본부장,4
삶,4
아이디어,4
마련,3
상하수도사업소,3
동아시아,3
복지,3
구,3
다인산업개발,3
제작,3
윤상직,3
지정폐기물,3
두제산업개발,3
금남면,3
유라시아,3
산,3
개발위원회,3
영역,3
아이젠하워,3
봉원초,3
전년,3
개월,3
곳,3
임헌민,3
적절,3
리더십,3
세종포스트,3
개선,3
삼보엔지니어링,3
선진국,3
장래,3
연기면장,3
조표식,3
전기공사,3
제주,3
뒷받침,3
김규범,3
병원,3
여당,3
오치,3
주요,3
운동,3
노하우,3
안전센터,3
과감,3
부강주식회사,3
공동,3
경제산업국,3
지역특구,3
민주통합당,3
견적입찰,3
중앙산업개발,3
홍영표,3
되길,3
장기,3
행복도시,3
김연수,3
경기,3
부영,3
창업자,3
특성,3
에너지,3
졸업,3
비롯,3
작업,3
대학중심,3
폐기물,3
소윤영,3
부회장,3
김종헌,3
체결,3
콘텐츠,3
영농,3
거민건설,3
결집,3
아시아,3
무인이동체,3
산업경쟁력,3
적,3
화력발전소,3
국가들,3
특화개발,3
전신,3
의견,3
선정,3
스마트시티,3
게이트볼장,3
적격,3
재배,3
개발방향,3
교사,3
새누리당에서,3
꿈마루,3
이장단협의회장,3
구인회,3
하수도과장,3
문화,3
시설관리사업소장,3
경상북,3
각각,3
지방행정고시,3
통일,3
인구,3
이성우,3
조달청,3
기,3
고민,3
발휘,3
보호,3
네트워크,3
합격,3
소액,3
아프리카,3
포장,3
삼경산업개발,3
효율적,3
제조,3
다목적강당,3
무협,3
현대산업개발,3
창고,3
아이빌트세종,3
속도,3
관광산업,3
이전,3
세명산업개발지점,3
산림축산,3
판매형,3
김용성,3
리모델링,3
종합의견,3
착공,3
동부,3
정비사업,3
스포츠외교,3
후원,3
화신백화점,3
주도적,3
차산업,3
장애물,3
처리,3
발전계획,3
경성방직,3
발굴,3
현대엔지니어링,3
주민숙원사업,3
신화산업개발,3
차산업형,3
김승철,3
채집,3
청정,3
기간,3
강진읍,3
진주남,3
대한적십자사,3
제주클린산업,3
방화셔터,3
에너지신산업,3
실천력,3
여섯째,3
동북아경제중심국,3
총액,3
경남도청,3
기반,3
야당,3
사업보국,3
해외건설,3
채택,3
방문,3
정비,3
김영,3
증가,3
양치교,3
광역,3
줄,3
제주시,3
농가,3
산업통상자원부,3
고용노동부,3
이날,3
감귤,3
녹색혁명,3
무소속,3
플랫폼,3
김동빈,3
여러분,3
개발도상국들,3
이하,3
숙박,3
미국,3
매경비즈,3
상품화,3
로우파트너스,3
국가자원,3
공고기관,3
노후화,3
세제,3
복판,3
지경위,3
제시,3
천장,3
기본계획,3
계약일자,3
화,3
건설도시국,3
만족,3
대전시,3
정보통신산업진흥원,3
포장공사,3
조화,3
격상,3
조한섭,3
지수,3
태영,3
부강산업,3
복잡한,3
인사청문,3
관사,3
소,3
정책기획관,3
판매,3
만성지구,3
지역간,3
대구광역시,3
미흡,3
식음료,3
금왕산업개발,3
옹벽,3
보고,3
경과보고서,3
읍면지역,3
올해,3
우진산업개발,3
민주당,3
균형발전,3
준공,3
제천,3
군,3
재개발,3
요구,3
농업회사법,3
필요,3
유호산업개발,3
녹색환경,3
복합산업,3
자본,3
지역경제,3
개발계획,3
확대,3
선거구,3
경영,3
자동차,3
서울대,3
지역취약계층,3
전문,3
삼부건설,3
첨담물류,3
당면,3
개발도상국가,3
장관,3
산정,2
대지건설,2
부강건설산업,2
기업들,2
모유수유,2
마산항,2
팔복교회,2
노무현,2
정호종합건설,2
상수,2
열악,2
활력화,2
도시기반,2
맹아,2
부강포구마을,2
부강토건,2
제천성폭력상담소,2
그곳,2
클러스터,2
안정건설,2
대아산업개발,2
부라더유통,2
인프라,2
부용면,2
장군면,2
경제개발,2
번,2
하루,2
뷰텍,2
저작,2
과장급,2
균형,2
참여도,2
회원국,2
그동안,2
저비용,2
발전시설,2
장점,2
남성가도교,2
불굴,2
나라감정평가법인,2
신도시,2
자기,2
뒤,2
목소리,2
차유동화전문유한회사,2
이병철,2
창녕공업고등학교,2
경송산업개발,2
기타공사,2
옥천군,2
상가,2
진주대아,2
도전,2
동경산업개발,2
고유,2
급식,2
내성초등학교,2
범진기공,2
고령화,2
농어촌생활용수개발사업,2
청하농산,2
윤종록,2
의식주,2
베스트산업개발,2
토대,2
보성,2
인간정주계획,2
핵심시설,2
산학연클러스터,2
오송바이오밸리,2
천천면,2
경부고속도,2
원도,2
투입,2
내실화,2
선도국을위한,2
임선명,2
적성,2
부경산업개발,2
학교,2
시설물,2
한국석유공사,2
신축,2
체육관,2
경남도,2
삼호읍,2
주찬산업개발,2
상세,2
충북산업,2
동향,2
화웨,2
아시아개발은행,2
가칭,2
창립,2
유지관리,2
논의,2
덧씌우기사업,2
이헌재,2
영등포동,2
축제,2
현대오일뱅크,2
탐색,2
상반기,2
유지관리공사,2
동박적층필름,2
김재웅,2
비즈통상,2
유경민,2
참여해,2
자동세차시설,2
동양산업개발,2
비전랜드,2
졸업앨범,2
레이캅,2
적격자,2
광양하이텍고,2
소강국,2
성진플랜트,2
환경미화,2
미래형,2
한오,2
설립해,2
이행,2
조치원읍,2
대전충남북,2
ㅇ,2
시티,2
본라인,2
에너지기업,2
와우글로컴,2
조교영,2
분야,2
시민,2
인재,2
서부부지사,2
관리동,2
서훈종합건설,2
감사담당관,2
김혜원,2
신흥,2
레저복합,2
제품,2
안남,2
범일운수,2
산업개발주식회사,2
비전,2
진로,2
구현산업개발,2
부강무약,2
대구,2
장전마을,2
관동대,2
라,2
확장공사,2
여양산업개발,2
부산밸브,2
유유산업개발,2
철도망,2
에코산업개발,2
단계별,2
내륙물류시설,2
시설보수,2
비엠에스코리아,2
국가공무원인재개발원,2
융,2
기술산업,2
기숙사,2
꾸꾸치킨,2
서울싸인애드,2
산책로,2
손성호,2
마성,2
현대조선소,2
공법,2
대화산업,2
의사,2
이목정리,2
개발사업,2
우리시,2
본부장,2
최근,2
목재,2
폐기물처리,2
황인섭,2
고장,2
보답,2
세계은행,2
안전도시,2
행보,2
가동키,2
대한건설,2
달러,2
부농도시,2
보림물산,2
금호교,2
경부선,2
부시장,2
건영산업,2
우리산업개발,2
기반시설,2
도색공사,2
청주권광역소각시설,2
정보통신,2
유엔,2
기술자,2
공연시설,2
상,2
연구소,2
농업회사법인새맑음,2
서림정밀안전진대,2
신인섭,2
대우건설,2
대한측량협회충북지부제천시협의회,2
세경건설,2
행정안전부,2
본공사,2
부강리,2
경쟁력,2
위대한,2
삼성,2
건설폐기물,2
손성호처럼,2
김찬,2
사단법인,2
방송,2
전자제품,2
등국,2
오요안,2
한국국토정보공사,2
봉천안전센터,2
양선기,2
가로녹지,2
국내시장,2
액수,2
청산,2
포상후보자,2
대상,2
투자,2
예비후보,2
부원,2
우수,2
보건산업정책과장,2
정주,2
국제의료사업지원단,2
민정기,2
보성냉장,2
영위,2
단가계약,2
세천,2
끝,2
연결통로,2
첨단사이언스타운,2
범우이엔지,2
서구,2
예,2
근교농업단지,2
합,2
조기착수,2
하늘소리어린이집,2
복합,2
인식,2
세종축제,2
테니스장,2
주목,2
동신산업개발,2
중부내륙개발,2
비교,2
조국부강,2
발전전략,2
선도기업,2
정우,2
염민섭,2
삼우환경개발,2
포니,2
종합계획,2
데이터,2
빛담,2
조치원연결,2
확장,2
시설보안,2
도시,2
부강게이트볼장,2
다짐,2
소규모마을하수처리구역,2
삼교일반산업단지,2
구도심,2
가능,2
디지털,2
본부,2
리쳐텍,2
무게,2
해외,2
공공부문,2
고위정책과정,2
세명산업개발,2
관내,2
상태,2
경제산업국장,2
부동산,2
기업하기,2
수리,2
선도,2
원활,2
허브도시,2
관광산업육성,2
팩스,2
오송,2
적극적,2
석면텍스,2
박창근,2
비엔에스테크,2
컴퓨터주변기기,2
임직원,2
포퓰리즘,2
패드,2
입주,2
광역권,2
슬기어린이집,2
선심성,2
빛의교회,2
보은군,2
당시,2
만큼,2
이성진,2
정읍,2
동방종합건설,2
여자화장실개선,2
장,2
순복음,2
칭송,2
금강,2
트러스트산업,2
기타외식,2
결과,2
거점,2
교통사고,2
김포시청,2
제천부강유치원,2
유구,2
후보님,2
동성산업개발,2
대전이전,2
골,2
통합관리,2
개발전문가,2
유지준설공사,2
격,2
특구,2
근대기업,2
여년간,2
학교공간혁신,2
석면,2
정례헌,2
제출,2
명품,2
건설업체,2
단계,2
전국대비,2
한강,2
교육감,2
새만금시대,2
산북면,2
국제기구,2
도소매,2
제천놀이별어린이집,2
푸른솔초등학교,2
전자부품,2
비즈니스벨트,2
첨단,2
김남형,2
쑤이펀허시,2
몰탈,2
도매,2
서천초등학교,2
성원안전산업,2
운영현황,2
세종지식산업진,2
도시건설,2
신뢰,2
기타,2
첨단산업,2
대건종합건설,2
보광직물,2
하이코리아,2
지정,2
억,2
통행테크,2
보승실업,2
가덕면,2
이형근,2
맞춤형,2
정보기술,2
생활,2
칼텍스,2
설계,2
오성초등학교,2
기업별,2
시스템,2
장착,2
자료제공,2
장미꽃화원,2
양산설비,2
보완,2
건국,2
개발전략,2
대동디자인건설,2
청소차량,2
서북부,2
부강약수,2
춘포,2
정책,2
전원주택특화,2
호반건설,2
포항경제,2
성취,2
모티브,2
중림산업,2
핵심상권,2
표선생활체육관,2
제천산림조합,2
시원산업개발,2
힐링,2
파견근무,2
도시계획도,2
반도체장비,2
토목건축설계,2
행정복지센터,2
일본,2
후,2
견적,2
소프트웨어,2
소규모수도시설,2
울산북정동우체국,2
주베일산업항,2
세연,2
김희태,2
제일목제산업,2
진행되,2
유구읍,2
정류소,2
부산관광개발,2
교통,2
축,2
임대사업,2
시너지,2
동부지역,2
배제,2
부강건축사사무소,2
치유,2
현대건설,2
거점지구,2
납품,2
도시개발사업,2
확포장공사,2
제거공사,2
골프,2
선진화,2
비경통상,2
노인요양병원,2
초경량,2
서원건설산업,2
이기원,2
농촌만들기,2
영상산업,2
응답,2
소득높,2
여개,2
수요관리,2
신가주택건설,2
생명윤리정책과장,2
획기적,2
확충,2
경로당,2
신꽃시계,2
다양,2
변화,2
노인보호구역,2
포,2
기호,2
오성산업개발,2
충청북도,2
연결,2
공공임대아파트,2
외곽,2
보광,2
진도,2
주식회사청담산업개발,2
사무총장,2
엑셀,2
약속,2
아기별어린이집,2
입구,2
개정,2
임실군,2
거,2
실시설계,2
재능,2
제빵,2
비아텍,2
시작,2
석림산업개발,2
최선,2
산업육성,2
지붕해체포장공사,2
안길정비공사,2
가업승계,2
축산분뇨,2
시민공원,2
김근우,2
죽헌정,2
분,2
공원녹지,2
연구용역,2
옥계시설녹지,2
이중적,2
포스코에너지,2
업무,2
기적,2
북,2
서울시청,2
비판,2
수도권,2
한반도대운하,2
전국,2
지역주민들,2
창평마,2
천문학적,2
진입,2
김제청하초,2
바닥,2
부강상사,2
출신,2
전동권역,2
창업세대,2
한국,2
감사관실,2
개인휴대단말기,2
중앙촌,2
부강종합건축사사무소,2
정읍관관광개발공사,2
명학산업단지,2
김재옥,2
신성장,2
수도정비,2
창조적,2
부강샘스,2
현실감,2
웰브레드,2
잠재력,2
남면,2
충청남,2
공감,2
부여산업개발,2
농식품,2
각종,2
제천지사,2
진주시장,2
마을,2
슬레이트철거사업,2
교육연구기능,2
한화,2
전문가,2
도로확포장공사,2
삼호종합건축사사무소,2
종합,2
일생,2
재해복구사업,2
한진수,2
청산종합개발,2
영상기기,2
속,2
전국적,2
김진영,2
야채,2
대치동,2
은행,2
용평면,2
개발도상국,2
도전의식,2
더클래식호텔,2
재,2
엠,2
경쟁,2
동반성장위원회,2
남부순환로,2
세계최고,2
자족기능,2
박순애,2
부강공장내,2
농업발전,2
토목공학,2
광주광역시,2
최주진,2
개발공사,2
개발해,2
소재산업,2
회사,2
연결도로,2
김태완,2
대동농약종묘사,2
환영,2
독자,2
임광길,2
평균,2
다목적실,2
부강터널,2
편의시설,2
비티컴퍼스,2
오창과학산업단지,2
청우,2
일반건설,2
부강방재이엔지,2
제안,2
안전,2
예방,2
모바,2
삼성물산,2
효과,2
오천사치킨,2
신동,2
인근,2
경덕종합건설,2
전기설비,2
토목,2
친환경보일러,2
구현,2
태양광,2
소교량,2
누전,2
이은희,2
행정도시특별법,2
정영태,2
물류기지,2
무장해,2
정재원,2
빅휘시커뮤니케이션즈,2
연두커피인터내셔날,2
비율,2
도색,2
무인경비시스템,2
군산부설초,2
몰두,2
공공,2
박규식,2
건설지역,2
기획,2
부강전력주식회사,2
홍성용,2
용배수로정비사업,2
동흥종합건설,2
고부가가치,2
건설공사,2
한일합방때,2
청송산업개발,2
득산농공단지,2
김정숙전도사,2
규모,2
휴먼산업개발주식회사,2
송죽,2
유한회사세명산업개발,2
전산소프트웨어,2
산방산업,2
단지,2
한화종합화학,2
대,2
보유,2
나주시,2
일대,2
목표,2
제천한천어린이집,2
청암산업개발,2
모뎀,2
류근혁,2
도시재생사업,2
대림산업,2
물길,2
기계,2
분열,2
비중,2
산업현장,2
부강약수터,2
평,2
남산동,2
역점,2
골프경기이사,2
상황,2
방화문,2
계단,2
부전전자부품,2
농기계,2
산곡전설,2
김현민,2
부강기업,2
연계교육,2
독신숙소,2
부강지역,2
아산,2
설치사업,2
에이에너지,2
최정수,2
상당한,2
건립공사,2
고창,2
애월리,2
동의산업,2
김유희,2
석면해체,2
수출,2
한국환경산업기술원장,2
예방나무주사,1
점촌동,1
현일산업개발,1
장수,1
복,1
평화,1
유일산업개발,1
화웨이,1
청우산업개발,1
제일종합건설,1
국방,1
동상건설,1
경상북도교육청,1
가이드라인,1
수문,1
청전어린이집,1
엔씨산업개발,1
지보,1
의미,1
기회,1
취약계층,1
이중근,1
농업용,1
의무적,1
국공립어린이집,1
금왕,1
해남군,1
충주지구,1
측,1
시행,1
도원개발,1
미연방,1
한성산업개발,1
직능단체장협의회,1
수현산업개발,1
부강유치원,1
주간근무제,1
대기업간,1
주식회사동진산업개발,1
신관,1
부지,1
한림수산업협동조합,1
읍내,1
삼척시,1
반곡,1
인,1
조선부강무역회사,1
이리,1
천정,1
전입,1
화정천서,1
세움종합건설,1
국민경제생활,1
건축공사업,1
냉난방기,1
성과지표,1
중앙행정,1
천보산업개발,1
활력,1
재정자립도,1
코,1
부강면장,1
상행,1
화순군,1
테크놀로지,1
지민산업개발,1
동복면,1
성,1
부흥,1
건사엔지니어링,1
전북혁신도시,1
학교공간,1
홍산건설,1
대야배수구역,1
강원강릉시신석길,1
제주특별자치,1
운동장,1
관여,1
조명개선,1
샌드박스,1
계열사,1
연간,1
투광등,1
인문학기행,1
홀,1
새만금개발,1
소독,1
강당,1
성옥건설,1
녹동리,1
실험실,1
이리모현초,1
경남산업개발,1
선순환,1
대륙산업개발주식회사,1
중앙,1
공용주차장,1
고부천,1
칸막이,1
합류,1
작은도서관,1
은성산업개발,1
국도산업개발,1
문화예술창작공간,1
스타우프코리아,1
강일약품,1
한국폴리텍대학,1
기념관,1
박재창,1
부강건설주식회사,1
문화예술회관,1
거창중앙고등학교,1
해체제거공사,1
산업재산보호과장,1
일반,1
부산지방우정청,1
임산부,1
초전면,1
제이티산업개발,1
용두천,1
황등초,1
성주환경개발,1
일흥산업개발,1
합의,1
용산공고,1
노래교,1
직원,1
내덕,1
송속리,1
행복도시권,1
서시장,1
전반,1
영향조사,1
산불대,1
쌍용스텐,1
오포,1
광주전남연구원,1
순창초,1
선점,1
화성산업개발,1
가능성,1
전략환경영향평가용역,1
용배수,1
바닥포장공간,1
화랑유원지,1
안흥동,1
공고,1
긴급,1
버스승강장,1
용암중,1
월항면,1
물탱크,1
인사,1
청년일자리,1
보충식품,1
부전산업개발,1
고덕일반산업단지,1
남양개발,1
갈산산수,1
석축공사,1
참여,1
방수공사,1
개발협약서,1
세,1
금호리,1
유용미생물,1
도촌리,1
임대아파트,1
흥전리,1
엠에스산업개발,1
칠성중학교,1
한국체육산업개발주식회사,1
순환,1
순성도시계획도,1
그린환경건설,1
보일러,1
식생유지관리공사,1
반면,1
본관,1
군장종합건설,1
군포,1
주차라,1
산곡동,1
영등포전기사업소,1
박차,1
발달,1
지리도,1
협력가능성,1
관록,1
정수장,1
중회의,1
보행로,1
보훈회관,1
아산시,1
인구정책,1
식량작물,1
전의,1
연구개발사업,1
옥상방수공사,1
제방,1
종합정밀점검,1
대덕대,1
쉬자파크,1
금능농공단지,1
검토용역,1
대영,1
범서초,1
달서구,1
미래인재,1
현산,1
헬스투어,1
단,1
환서초등학교,1
본격적,1
윤택케,1
소하천,1
자연재해위험개선지구,1
차단시설,1
광남고등학교,1
소나테크,1
밀당,1
자동차안전기준,1
하의,1
참샘유치원,1
병설유치원,1
보동마,1
거점시설,1
족구장,1
경쟁력강화,1
교구수납,1
사회봉사,1
인화동,1
스마트교육담당,1
일신산업개발,1
엔터산업개발,1
전주권,1
공주시,1
누수보수공사,1
간접비,1
온정중학교,1
동진산업개발,1
국가산업개발원,1
교무행정실리모델링,1
이비앤,1
통신,1
궁,1
금천산업개발,1
합리적,1
투,1
명단,1
농업재해,1
달령마,1
상향,1
한일산업개발,1
확충사업,1
수복정,1
상장리,1
도로재포장,1
개동,1
한국산업경쟁력,1
램,1
잔반처리구역,1
태성무역회사,1
독립문초,1
대성종합개발,1
역,1
동시장,1
농로정비공사,1
융자잔액,1
전라북도김제교육지원청,1
동영산업개발,1
구입,1
도시가스,1
보청,1
노루골,1
송정산업개발,1
문화복지회관,1
동진지사간,1
렌즈,1
청송군간,1
신종,1
산업디자인,1
화물자동차,1
정밀안전점검,1
향토자원,1
저수호안,1
삼성전자,1
이행기간,1
공원관리소,1
안,1
관정개발사업,1
교직원,1
만풍,1
한국환경산업기술원,1
도로안전시설물,1
어,1
호공,1
건우산업개발,1
재포장,1
지평면,1
성내,1
규제,1
확보사업,1
송정간,1
시소유,1
효천지구,1
인터넷,1
경상남,1
경쟁사들,1
덕진건설,1
전라남도광양교육지원청,1
엄사전력,1
김원기,1
전남체육고,1
대응,1
용호산업개발,1
사업공사,1
본동,1
우수기술,1
급수공사,1
팔공산업개발,1
옥천제설기지,1
아이원스,1
태림산업개발,1
와티마,1
조선국제화학합영회사,1
최적화,1
대응전략,1
사무실,1
표명,1
주례동,1
석면천정,1
재해복구공사,1
포항시,1
전주온고을중,1
역량,1
부강식당,1
근화산업개발,1
식당앞,1
장기계속,1
세종로,1
큰마천,1
소규모사업,1
편의시설공사,1
고도화시키,1
군동면,1
설,1
차량운행제한,1
도시계획시설,1
한발대비용수개발사업,1
전북지역본부,1
인력,1
윤세영,1
덕평,1
진주제일여,1
공영차고,1
막골,1
인재개발원,1
소재,1
음식료품,1
이병재,1
도창리,1
포스코할인마트,1
천정수선공사,1
김정규,1
수세밸브,1
이전신축,1
한솔문고,1
가로수,1
번동,1
응용,1
가각정비사업,1
총동원해,1
태영건설,1
태동산업개발,1
서원산업개발,1
생산설비,1
가곡초,1
주흘산업개발,1
전원공급,1
도내,1
확장포장,1
대진환경산업,1
개량공사,1
가로,1
동광주택,1
영주소방서,1
주택,1
효성산업개발,1
대전광역시,1
일동,1
진산,1
단순,1
청계지구,1
순천의료원,1
용운동,1
상림리,1
주식회사정원산업개발,1
전면,1
삼양사,1
회야하수처리구역,1
교실형,1
석불역사,1
관악개발,1
뮤지컬,1
두방지구,1
새한산업개발,1
현동,1
행복주택,1
이월중,1
우성산업개발,1
목포덕인중학교,1
아현중학교,1
어린이,1
핵,1
그랩,1
예닮치,1
국군재정관리단간,1
더블유아이케이환경,1
추가,1
수산리,1
충북대,1
화제,1
차량진입,1
자주적,1
성보산업개발,1
슬립웨,1
남북산업개발,1
현장,1
소개,1
서울독립문초등학교간,1
청소년문화관,1
본관동,1
전기시설,1
뉴제로쿨투,1
측정용역,1
전북전주시완산구서원,1
부강케,1
자금,1
분석,1
한곡리,1
와룡,1
복개공사,1
인턴,1
보안등,1
노후암거,1
한국이알이시,1
봉황터널,1
고령친화,1
삼성기술안전,1
실적,1
교육훈련,1
망성초,1
오수관,1
군대,1
선,1
도원산업개발주식회사,1
각국,1
냉난방기및,1
자존심,1
광진산업개발,1
전개,1
적성리,1
앰배서더,1
복지회관,1
모라동,1
북삼도서관,1
계산지구,1
상내도,1
도우산업개발,1
환경기업,1
덕진구,1
상원초,1
피난유도등,1
파급효과,1
산업용,1
현대글로비스,1
한국창업투,1
재설치공사,1
차선도색,1
편입,1
상하수도,1
문,1
외주개발업체,1
통합관제센터,1
여산면,1
다양한,1
농협은행,1
서울,1
폐염화칼슘마대,1
신우측량설계사무소,1
태정산업개발,1
부강전설,1
소방공사,1
진주교,1
당동중,1
보광리,1
소나무재선충병,1
외교관,1
진입로,1
차아파트,1
신산업,1
숲,1
지역개발사업소,1
삼광건설,1
해체제거,1
석면철거공사,1
견적서,1
안전환경,1
토방건설,1
임대주차장,1
가축방역,1
도당공원재포장사업,1
장학관,1
년이내,1
생태체험공간,1
용수,1
동해,1
새만금개발청,1
앞장,1
인도블럭,1
남부지구,1
맨홀인상,1
해소사업,1
임목폐기물처리용역,1
주식회사부강,1
엄목마,1
국토,1
증축공사,1
이경용,1
대수선공사,1
경험,1
주민센터,1
전남개발공사,1
소비,1
드레인탱크,1
항만운영,1
정문건설,1
수도시설,1
태양소방통신,1
서해소방,1
청사도서관,1
독점운영,1
공용차량,1
죽변,1
경작,1
신축이음장치,1
동계,1
강조,1
연합,1
노후보안등,1
예진아트,1
남선산업개발,1
개선사업,1
경창산업개발주식회사,1
퇴,1
종전,1
생산시설,1
진주연구원,1
법조직역,1
국정,1
산호지구,1
화장실보수,1
사인,1
정의선,1
재단법,1
송출,1
옹벽점검,1
외부환경개선,1
구미시,1
대구성서공단우체국,1
교실바닥교체,1
명산산업개발,1
궁핍,1
연구원장,1
선일산업개발,1
화순만연초,1
하수관로,1
영천,1
담당업무,1
외동읍,1
입암,1
상승면,1
원추목,1
하우스토리,1
홍천군,1
개보수공사,1
세움이엔지,1
충의중,1
유례,1
노후시설,1
반대,1
방역소독용역,1
극동산업개발주식회사,1
내진보강공사,1
서초소방서,1
요청,1
야외무대,1
토목공사,1
의왕,1
제석근로사업장,1
탄광,1
태성산업개발주식회사,1
경광등,1
농로,1
눈돌마,1
종합적,1
교실출입문,1
충청환경산업,1
장학사,1
보은군산업단지,1
서울평화초등학교,1
가마육교,1
안전체험관,1
델테크놀로지스,1
금용건설산업,1
박은숙,1
시청사,1
하민산업개발,1
탄동천,1
성덕,1
송악읍,1
두,1
이중창,1
척과초,1
지정사업,1
건설기업,1
추소리,1
광양시,1
신진산업개발,1
추,1
명예회장,1
중앙부처,1
시가지,1
금동산업개발,1
제이제이산업개발,1
핵심기술,1
그래픽뉴스,1
금평산업개발,1
노후관,1
중요,1
바닥보수공사,1
재공고,1
무역,1
마을진입로,1
농어촌,1
특허청,1
보만정,1
영주교육지원청사,1
도안,1
국제적,1
안전시설,1
스타산업개발,1
육리,1
엄다,1
이설공사,1
개념,1
거창,1
특수학급,1
롯데관광개발,1
호텔,1
건물,1
학운,1
대리점,1
주식회사이지산업개발,1
에코시티,1
슬레이트,1
사명,1
국지,1
해체,1
회복,1
활천,1
교통시설물,1
송수,1
소규모옥외체육시설,1
그린이엔티,1
외갈마,1
선택,1
부강엔지니어링,1
대성동,1
정보통신공사,1
쿨루프,1
부용공단,1
안내사인,1
운주,1
관리자,1
포장보수공사,1
소식,1
덕천교,1
문화콘텐츠,1
전주공고,1
견적요청,1
외벽교체,1
도장공사,1
검토,1
일조,1
홈페이지,1
연구원,1
일부,1
상인삼미아파트,1
서울특별시교육청,1
개최,1
광명시청소년수련관,1
정부핵심인사,1
전직,1
개설,1
자가용,1
수확시,1
영,1
행사장,1
신진건설산업,1
미광개발,1
화암고,1
자전거도,1
하천,1
배관,1
금융,1
세기종합기술공사,1
북지역,1
동승산업개발,1
노후산업단지,1
예술동아리,1
여론,1
부천산업진흥원,1
만세대,1
보,1
부강종합건설주식회사,1
방수,1
생활쓰레기처리장,1
철거,1
법률서비스,1
가양동,1
김화읍,1
임시,1
솔빛이엔씨,1
아태산업개발,1
영성산업개발,1
우회도로,1
노후하수관,1
성주산업개발,1
강양희,1
장기미집행,1
차분,1
기획조정관실,1
관계자,1
남해군,1
우장,1
장호관광지,1
도시계획구역,1
조명교체공사,1
석면해체제거,1
표지판,1
안전진단,1
각회,1
북한,1
석면농,1
대성개발산업,1
필요성,1
소규모,1
강남구,1
서해건축사사무소,1
의원,1
무기수출,1
남원시,1
택지개발지,1
상월산리,1
여주초,1
국회의원,1
사거리,1
성우건설,1
탄소산업,1
한국보건산업진흥원,1
의림지동,1
해제,1
방호벽,1
태종,1
한국정보산업연합회,1
접목,1
교체비,1
동덕건설,1
선재어린이집,1
전주시,1
목적의식,1
오늘날,1
후발,1
납읍수원,1
클리닝,1
풍요로운,1
드라이비트,1
탄광시설,1
주민,1
민주주의,1
해운대구,1
조선대성총무역회사,1
마사토산업개발,1
선거,1
등산안내도,1
매입임대주택,1
경산지식산업지구,1
농어촌도,1
시각디자인,1
성주읍,1
도서관,1
전라북도교육청,1
민간위탁,1
김선희,1
고창군,1
러버타,1
유휴시설,1
새만금,1
백아산,1
증량,1
북일초,1
화성시,1
준비,1
개군도시계획도,1
배수개선사업,1
증평군,1
석면천장,1
본사,1
대지구,1
풍산고등학교,1
영창건설주식회사,1
조명기구,1
배관망,1
파제벽,1
인선,1
응급복구공사,1
국공립,1
옹진군,1
삼성중,1
체계,1
한국체육산업개발,1
두남산업개발,1
내장상동,1
개원,1
일반경쟁,1
예손산업개발,1
단체보험,1
지평,1
묘도대교,1
공동체부엌,1
재붕산업개발,1
가덕지구,1
동서울지사,1
유정건설,1
해성파이프,1
범죄취약지역,1
의령읍,1
월산리,1
평가,1
가공,1
중인,1
북면행정복지센터,1
산양면,1
자동집하시설,1
이승운,1
합자,1
공사업,1
부산광역시,1
관람,1
표선면,1
미숙,1
신축사업,1
후동건물,1
셋째,1
기본구상,1
라인,1
지역개발사업,1
구서동,1
양평군,1
정읍시,1
밖,1
승화,1
임대관리,1
부여두리지구,1
고진역,1
방위력,1
성북강북교육지원청,1
대전지방조달청,1
사장,1
산업자원부,1
대영이엔지,1
베스트,1
원창,1
삼양산업개발주식회사,1
소규모시설,1
관리계획,1
문예회관,1
예상,1
이정희,1
아포,1
안양중학교,1
신풍마,1
기술성능,1
아이탑스오토모티브,1
전부,1
장애,1
곡선중학교,1
석공사업,1
유진산업개발,1
혁신,1
유량계,1
그전,1
한국기술개발주식회사,1
혁신형,1
미끄럼방지,1
보미간,1
동남이엔씨,1
도시기본계획,1
수동엔시스,1
농소동,1
전기안전관리용역,1
스포츠타운,1
구리월드디자인시티,1
숲길정비사업,1
냉난방시설,1
남강변,1
훈비,1
개설사업,1
중구,1
공구,1
그해,1
화순온천,1
연속유입식,1
부영환경산업,1
시설공사,1
신기제,1
통합막사,1
이평면,1
석면천장교체,1
사업분야,1
농락,1
소방관련,1
건설산업,1
대성산업개발,1
관광개발,1
삼오기술사,1
육포제조,1
두원산업개발,1
중산,1
에이전트,1
희생,1
기업애,1
연계도로개설공사,1
공군,1
영광산업개발,1
생활자원회수센터,1
아웃백일원,1
정리,1
광동산업개발,1
보은군간,1
신축공사,1
창립등,1
두산인프라코,1
대호산업개발,1
주간사,1
갈매기공원,1
한강산업개발,1
경남산업고,1
창포원,1
국가경제,1
채용공고명,1
인도정비공사,1
야시장판매대설치공사,1
순창군,1
북평지구,1
닥,1
방배,1
광영초,1
사용,1
교량보강공사,1
대능산업개발,1
관계,1
호문지구,1
사전준비,1
상용화,1
심각,1
대영개발산업,1
출마,1
조원건설,1
패키지소프트웨어개발및도입서비스,1
호수공원,1
엠아이알산업개발,1
하행,1
한광엔지니어링건축사사무소,1
파문,1
공동체공방,1
경우,1
권,1
개량사업,1
재해예방,1
농생대,1
모니터링,1
다성건설주식회사,1
확산방지,1
동성산업,1
인간,1
해신개발,1
나머지,1
우산용수,1
성암산업개발,1
강진군,1
실시설계용역,1
모,1
바이오플랜,1
자작나무,1
업체들이,1
신규급수공사,1
전기공사업,1
케이와이씨산업개발,1
백성들,1
산업재산정책국,1
유성구간,1
부강지구,1
강산산업개발,1
모집,1
함열초,1
폐수,1
가운데,1
프로젝트,1
사림관,1
진주연구원장,1
지방,1
횡단보도,1
주변,1
대사급,1
성북동,1
서부지방산업단지,1
로이산업개발,1
제품개발본부,1
복지사업,1
경영대학,1
한국농어촌공사,1
관련,1
확포장,1
합천가야초,1
여수국가산단진입도,1
대양산업개발,1
용화역,1
중국은,1
유행,1
존재,1
번길,1
과학기술정보통신부,1
미래차,1
시대적,1
건일시앤시,1
후세,1
태동산업개발주식회사,1
장림동,1
임대차,1
현대환경,1
장암삼거리,1
배수시설,1
가량된다,1
관리천,1
채용회사명,1
고산리,1
대곡중,1
세종산업개발,1
제거,1
진입도로,1
전기보수공사,1
장계,1
창명,1
계량기,1
부강이엔시,1
달서서,1
완충저류,1
우승건설,1
대서중학교,1
미래환경산업개발,1
익산시,1
행정관리담당관실,1
이엔씨,1
용동,1
제재,1
금융결제원,1
다온이엔지,1
수선유지급여사업,1
천안지역,1
건설폐기물처리용역,1
대장간,1
백산산업개발,1
미술관,1
주년,1
웅상지구,1
바닥타,1
라인도색,1
교과교실제전환,1
신사옥,1
건입동,1
전용,1
온열의자,1
농촌중심지활성화사업,1
보암,1
다일환경산업,1
주식회사웅지산업개발,1
상수도시설물,1
추경예산,1
중등,1
우정사업본부,1
인프라구축,1
평탄화공사,1
송우,1
우진산업개발주식회사,1
화동,1
조립,1
마두지구,1
대승산업개발,1
군북면,1
이비스,1
문화시설,1
단체,1
군단위,1
컨소시엄,1
전기배선,1
대동신용은행금융,1
해룡중학교,1
신보산업개발,1
진우산업개발,1
양,1
한결초등학교,1
대중,1
작년,1
자원순환센터,1
장명동,1
천안미라초등학교,1
금호산업,1
수협중앙회,1
제일산업개발,1
전라남도교육청,1
한나어린이집,1
수출입업,1
지장물,1
부강주택관리,1
반,1
수원,1
가입용역,1
오픈뱅킹공동업무,1
녹색체험터,1
전기온수,1
거산산업개발,1
이리동남초,1
서부권,1
상구시,1
일반산업단지,1
현장적용성,1
협정,1
남여화장실,1
조인원,1
연결공사,1
포곡간,1
고객지원센터,1
타당성,1
기록,1
상황실,1
주민편익증진사업,1
성화산업주식회사,1
복성산업개발,1
휴게실,1
정밀점검,1
대책마련,1
여수시간,1
치전원,1
부강디자인,1
전문기업,1
하나건설산업,1
환경연구원,1
디자인,1
비즈니스,1
영양플러스산업,1
익산소방서,1
신안골어린이공원,1
성수,1
애니타운페스티벌,1
근무지,1
남산천,1
차산업혁명,1
재활용동,1
서울특별시,1
힐스테이트위브어린이집,1
구례자연드림파크,1
최유호,1
광고,1
정생교,1
상서선,1
서귀포시,1
품질경쟁력,1
지역구,1
지역사회개발사업,1
본당리,1
무릉초중,1
금번,1
통영항,1
청수세종주식회사,1
금호,1
신규설치사업,1
경제자유구역,1
월드산업개발주식회사,1
최순실,1
소액수,1
노출전선,1
건설사업관리용역,1
남성중,1
구로차량기,1
추목리,1
수림환경개발,1
백지,1
보안,1
태승이앤씨,1
당,1
수곡,1
개노,1
입,1
화암지구외,1
한국유전공학연구조합,1
쌍봉초,1
두마초등학교,1
대민산업개발주식회사,1
교방천북길,1
콘크리트포장,1
도원리,1
행정도시,1
음식물처리시설,1
대저,1
연남초,1
아주중학교,1
철도적성검사시스템,1
자연육포가공,1
동우산업개발,1
퍼센트,1
제품생산,1
상인동,1
관리시스템,1
메모리얼,1
구립,1
